,Dominant,Cluster,Profiel,Bodem,c,w1rz,w2rz,zcrit2,qcrit,intw0,intk0,pindex,B01,B02,B03,B04,B05,B06,B07,B08,B09,B10,B11,B12,B13,B14,B15,B16,B17,B18,O01,O02,O03,O04,O05,O06,O07,O08,O09,O10,O11,O12,O13,O14,O15,O16,O17,O18
,1,1001,1050,hVc,34.2095,3.9121,8.1272,77.842,0.0385,4725.0645,32.2857,0.199,,,,,,,,,,,,,,,,,1.0,,,,,,,,,,,,,,,,,,234.0,
,0,1001,1020,ohVb,33.5004,3.0923,6.8984,77.841,0.0287,4853.6494,30.1094,0.1917,,,,,,,,,,,,,,,,,12.0,,,,,,,,,,,,,,,,,,345.0,
,0,1001,1260,zVc,31.0443,4.0723,7.0621,77.842,0.0255,4168.8303,81.3149,0.2125,,1.0,,,,,,,,,,,,,,,,,,,,,,,,,,,,,,,,,23.0,
,1,1002,1100,aVz,18.5123,5.0083,8.71,97.5585,0.1178,2876.0797,145.842,0.2543,,,,,,,,,,,,,,,,1.0,,,,4.0,,,,,,,,,,,,,,,23.0,
,0,1002,1110,faVz,18.5123,5.0083,8.71,97.5585,0.1178,2876.0797,145.842,0.2543,,,,,,,,,,,,,,,,1.0,,,,4.0,,,,,,,,,,,,,,,23.0,
,0,1002,1111,faVzt,29.2137,5.0083,8.71,95.2182,0.116,2967.1363,126.5739,0.2739,,,,,,,,,,,,,,,,1.0,,,,4.0,,,,,,,,,,,,5.0,,,23.0,
,0,1002,1310,Vz,23.9667,5.0617,9.2142,85.4144,0.1067,3389.6304,112.0854,0.2409,,,,,,,,,,,,,,,,1.0,,,,4.0,,,,,,,,,,,,,,,23.0,
,1,1003,1300,dVk,23.122,4.3305,8.7621,54.6426,0.0375,5360.6696,23.2161,0.1435,,,,,,,,,,,,,,,,,,1.0,,,,,,,,,,,,,4.0,,,,23.0,
,1,1004,1060,hVk,65.4657,3.5022,7.5128,55.2925,0.0262,4947.5992,19.5902,0.1612,,,,,,,,,,,,,,,,,1.0,,,,,,,,,,,,,4,,,,,23.0,
,1,1005,1340,iVz,17.6765,3.916,6.8127,97.842,0.1621,2608.1947,209.7859,0.2683,,,,,,,,,,,,,,,1.0,,,,,5.0,4.0,,,,,,,,,,,,,,23.0,
,0,1005,1255,zVz,17.3909,3.8304,5.7245,92.8521,0.1413,2586.5407,207.1355,0.2591,,,,1.0,,,,,,,,,,,,,,,,4.0,,,,,,,,,,,,,,,23.0,
,1,1006,1281,Vs,75.968,5.4555,9.9217,65.8344,0.0649,3692.6821,26.4572,0.2742,,,,,,,,,,,,,,,,,,1.0,,,,,,,,,,,,,,,,23.0,,
,0,1006,1030,hVs,75.1342,4.6544,8.8459,65.8344,0.0362,3806.6343,24.038,0.2664,,,,,,,,,,,,,,,,,1.0,,,,,,,,,,,,,,,,,23.0,,
,0,1006,1040,hVsc,75.1342,4.6544,8.8459,65.8345,0.0362,3806.6343,24.038,0.2664,,,,,,,,,,,,,,,,,1.0,,,,,,,,,,,,,,,,,23.0,,
,0,1006,1282,Vs,76.0165,6.0649,10.2985,65.8345,0.0784,3486.4298,30.2555,0.281,,,,,,,,,,,,,,,,1.0,,,,,,,,,,,,,,,,,,23.0,,
,1,1007,1330,iVc,29.6231,3.916,6.8127,77.8417,0.1267,4160.7573,112.5961,0.2102,,,,,,,,,,,,,,,1.0,,,,,,,,,,,,,,,,,,,,23.0,
,0,1007,1265,zVc,28.6413,3.8304,5.7245,77.842,0.1163,3926.5711,113.8953,0.2199,,,,1.0,,,,,,,,,,,,,,,,,,,,,,,,,,,,,,,23.0,
,1,1008,1230,kVz,19.8299,1.8148,4.4193,63.5804,0.0246,3576.3745,189.0195,0.3217,,,,,,,,,,,,,,,,,1.0,,45,,,,,,,,,,,,2.0,,,,3.0,
,1,1009,1275,AVk-F,3.615,3.0027,4.1537,141.6684,0.0313,1569.4426,422.2398,0.3481,,1.0,,,,,,,,,,,,,,,,,45,3.0,,,,,,,,,,,,,,,,2.0
,1,1010,1290,Vc,32.6589,4.3305,8.7621,77.8417,0.0728,4679.3791,35.0072,0.2024,,,,,,,,,,,,,,,,,,1.0,,,,,,,,,,,,,,,,,23.0,
,0,1010,1080,aVc,32.078,5.0417,9.0251,77.8419,0.098,4406.7986,40.5689,0.2105,,,,,,,,,,,,,,,,1.0,,,,,,,,,,,,,,,,,,,23.0,
,0,1010,1090,faVc,32.078,5.0417,9.0251,77.8419,0.098,4406.7986,40.5689,0.2105,,,,,,,,,,,,,,,,1.0,,,,,,,,,,,,,,,,,,,23.0,
,1,1011,1350,iVp,27.0572,4.4109,7.2918,99.569,0.1579,1626.6336,342.8533,0.4312,,,,,,,,,,,,,,,1.0,,,,45,3.0,,,,,,,,,,,,,,2.0,,
,1,1012,1170,pVc,39.0037,2.8144,6.156,81.9675,0.0472,4423.1489,78.6504,0.199,,,,,,,,,,,,,,,,,1.0,,,,,,,,,,,,,2,,,,,45.0,3.0
,0,1012,1140,opVb,37.3806,2.5923,5.8037,77.841,0.0449,4395.8055,31.3992,0.1987,,,,,,,,,,,,,,,,,1.0,,,,,,,,,,,2.0,,,,,,,34.0,
,0,1012,1160,opVc,43.4221,2.4952,5.7626,73.869,0.042,4441.482,29.8092,0.1939,,,,,,,,,,,,,,,,,1.0,,,,,,,,,,,2.0,,3,,,,,45.0,
,0,1012,1225,kVc,37.3806,2.5923,5.8037,77.841,0.0449,4395.8055,31.3992,0.1987,,,,,,,,,,,,,,,,,1.0,,,,,,,,,,,2.0,,,,,,,34.0,
,1,1013,1320,Vp,42.8225,5.9526,10.0766,79.6028,0.0964,2435.6303,138.6095,0.2912,,,,,,,,,,,,,,,,1.0,,,,456.0,,,,,,,,,,,,,,23.0,,
,0,1013,1120,aVp,31.6285,5.5032,9.1891,91.421,0.112,2052.9885,222.4158,0.3738,,,,,,,,,,,,,,,,1.0,,,5,34.0,,,,,,,,,,,,,,2.0,,
,1,1014,1270,zVp,39.8469,4.2107,6.5717,75.4664,0.0237,2051.17,244.4854,0.3729,,1.0,,,,,,,,,,,,,,,,,45,3.0,,,,,,,,,,,,,,2.0,,
,1,1015,1200,kVs,65.588,1.728,4.2329,65.8344,0.0263,4147.597,21.5516,0.236,,,,,,,,,,,,,,,,,1.0,,,,,,,,,,,,,,2.0,,,34.0,,
,0,1015,1150,pVs,64.0977,2.878,5.601,65.8344,0.0427,3705.3212,72.6759,0.2553,,,,,,,,,,,,,,,,,1.0,,,,,,,,,,,,,,2.0,,,45.0,,3.0
,0,1015,1210,kVsc,65.588,1.728,4.2329,65.8344,0.0263,4147.597,21.5516,0.236,,,,,,,,,,,,,,,,,1.0,,,,,,,,,,,,,,2.0,,,34.0,,
,1,1016,1180,pVz,19.8972,3.102,6.4502,97.8732,0.0363,3124.1235,240.3802,0.3467,,,,,,,,,,,,,,,,,12.0,,5,,,,,,,,,,,,,,,,4.0,3.0
,0,1016,1235,kVz,27.4148,2.5923,5.8037,89.8787,0.047,2970.7627,192.9403,0.3471,,,,,,,,,,,,,,,,,1.0,,45,,,,,,,,,2.0,,,,,,,3.0,
,1,1017,1070,hVz,23.5322,3.5022,7.5128,89.1995,0.0338,3873.5336,136.1596,0.2167,,,,,,,,,,,,,,,,,1.0,,,5.0,,,,,,,,,,,,,,,23.0,4.0
,0,1017,1071,hVzc,23.5322,3.5022,7.5128,89.1995,0.0338,3873.5336,136.1596,0.2167,,,,,,,,,,,,,,,,,1.0,,,5.0,,,,,,,,,,,,,,,23.0,4.0
,0,1017,1072,hVzx,23.2626,3.5022,7.5128,89.0351,0.0338,3982.4765,134.2831,0.1987,,,,,,,,,,,,,,,,,1.0,,,,,,,5.0,,,,,,,,,,,23.0,4.0
,0,1017,1250,zVz,19.7938,4.0723,7.0621,92.8521,0.0273,2828.7999,174.5551,0.2517,,1.0,,,,,,,,,,,,,,,,,,4.0,,,,,,,,,,,,,,,23.0,
,1,1018,1130,pVb,29.4362,1.6847,4.1397,61.1766,0.025,5003.7193,27.4239,0.172,,,,,,,,,,,,,,,,,1.0,,,,,,,,,,,,,,23.0,,,,45.0,
,0,1018,1010,hVb,32.7912,2.6824,6.284,50.9093,0.0235,4982.2342,27.933,0.1844,,,,,,,,,,,,,,,,,12.0,,,,,,,,,,,,,,,,,,34.0,
,0,1018,1190,kVb,30.5097,1.728,4.2329,77.8419,0.027,4934.8229,28.6211,0.1783,,,,,,,,,,,,,,,,,1.0,,,,,,,,,,,,,,2.0,,,,34.0,
,0,1018,1220,kVc,29.7957,1.8148,4.4193,61.1766,0.0241,5001.4173,27.4784,0.1733,,,,,,,,,,,,,,,,,1.0,,,,,,,,,,,,,,2.0,,,,34.0,
,0,1018,1240,kVk,20.2588,1.8148,4.4193,50.692,0.0198,5682.7078,15.6873,0.1144,,,,,,,,,,,,,,,,,1.0,,,,,,,,,,,,,,24.0,,,,3.0,
,1,2001,2040,zWp,4.4264,3.3156,5.03,107.4939,0.0368,1042.4475,398.9926,0.4038,,1.0,,,,,,,,,,,,,,,,,56,34.0,,,,,,,,,,,,,,,,2.0
,0,2001,2050,zWpx,4.1396,3.3156,5.03,106.152,0.0367,1268.3426,357.7856,0.329,,1.0,,,,,,,,,,,,,,,,,5,34.0,,,,6.0,,,,,,,,,,,,2.0
,0,2001,2120,zWz,4.8652,3.3156,5.03,119.0599,0.0374,1281.5409,319.4417,0.3015,,1.0,,,,,,,,,,,,,,,,,,4.0,3.0,,,,,,,,,,,,,,,2.0
,0,2001,2121,zWzx,4.4609,3.3156,5.03,119.4684,0.0374,1444.9552,316.6269,0.2744,,1.0,,,,,,,,,,,,,,,,,,4.0,3.0,,,5.0,,,,,,,,,,,,2.0
,0,2001,2125,zWz,4.7862,3.1592,4.5919,119.0599,0.0331,1240.4855,318.816,0.3013,,1.0,,,,,,,,,,,,,,,,,,4.0,3.0,,,,,,,,,,,,,,,2.0
,1,2002,2060,iWp,17.4434,4.4109,7.2918,108.4544,0.2027,1428.1134,335.7811,0.3779,,,,,,,,,,,,,,,1.0,,,,7,456.0,,,,,,,,,,,,,,23.0,,
,0,2002,2070,iWpx,17.0131,4.4109,7.2918,106.4367,0.1995,1766.9561,273.9706,0.2657,,,,,,,,,,,,,,,1.0,,,,,456.0,,,,7.0,,,,,,,,,,23.0,,
,1,2003,2090,Wol,87.1169,3.3118,6.5333,29.8643,0.0231,4769.71,59.034,0.1404,,,,,,,,,,,,,,,,,1.0,,,,,,,,,,,,,34,,,,,,2.0
,0,2003,2080,Wo,88.093,3.102,6.4502,29.8643,0.0204,4914.066,42.0653,0.1358,,,,,,,,,,,,,,,,,1.0,,,,,,,,,,,,,34,,,,,,2.0
,0,2003,2081,Wgl,88.093,3.102,6.4502,29.8643,0.0204,4914.066,42.0653,0.1358,,,,,,,,,,,,,,,,,1.0,,,,,,,,,,,,,34,,,,,,2.0
,1,2004,2115,kWz,17.888,2.4673,5.5951,130.0197,0.1902,1840.4557,253.1174,0.2651,,,,,,,,,1.0,,,,,,,,,,,4.0,,,,,,,,2.0,,,,,,,,3.0
,0,2004,2015,kWp,18.0319,2.4673,5.5951,127.4366,0.1909,1465.9443,327.0619,0.386,,,,,,,,,1.0,,,,,,,,,,6,5.0,,4.0,,,,,,2.0,,,,,,,,3.0
,1,2005,2110,kWz,19.4243,1.979,4.9218,130.0197,0.0383,1932.4801,251.9615,0.2602,,,,,,,,,1.0,,,,,,,,,,,4.0,,,,,,,,,2.0,,,,,,,3.0
,0,2005,2010,kWp,19.2649,1.897,4.7376,127.4366,0.0305,1594.5712,325.154,0.3784,,,,,,,,,12.0,,,,,,,,,,7,6.0,,5.0,,,,,,,3.0,,,,,,,4.0
,1,2006,2130,vWz,4.2878,3.5158,5.7501,110.1157,0.385,1606.4842,321.3185,0.2747,,,,,,,,,,,,,,,1.0,,,,,4.0,,,,,3.0,,,,,,,,,,,2.0
,0,2006,2030,vWpx,3.9976,3.5158,5.7501,105.5069,0.3522,1406.6219,382.7063,0.3312,,,,,,,,,,,,,,,1.0,,,,5,34.0,,,,6.0,,,,,,,,,,,,2.0
,0,2006,2140,vWzx,3.7487,3.5158,5.7501,110.6429,0.3766,1824.3699,317.5655,0.2386,,,,,,,,,,,,,,,1.0,,,,,4.0,,,,5.0,3.0,,,,,,,,,,,2.0
,0,2006,2151,fvWzt,3.7212,3.5158,5.7501,95.9152,0.2853,2344.0436,376.4957,0.3467,,,,,,,,,,,,,,,1.0,,,,4,,,,,,35.0,,,,,,,,,,,2.0
,0,2006,2160,iWz,4.9342,3.5158,5.7501,114.1015,0.4133,1325.7581,329.9475,0.3018,,,,,,,,,,,,,,,1.0,,,,,4.0,3.0,,,,,,,,,,,,,,,2.0
,1,2007,2020,vWp ,4.4279,3.5158,5.7501,107.4701,0.3736,1067.7792,444.5167,0.4433,,,,,,,,,,,,,,,1.0,,,,56,34.0,,,,,,,,,,,,,,,,2.0
,0,2007,2131,vWzg,4.6921,3.5158,5.7501,108.5622,0.3932,1411.8643,337.9658,0.4394,,,,,,,,,,,,,,,1.0,,,,,4.0,,,5,,3.0,,,,,,,,,,,2.0
,0,2007,2150,fvWz,4.2662,3.5158,5.7501,98.9935,0.3483,1310.8705,464.0483,0.4796,,,,,,,,,,,,,,,1.0,,,,4,,,,,,3.0,,,,,,,,,,,2.0
,1,3001,11021,Zn10Av,3.8506,3.5157,4.6888,133.5658,0.4045,1772.6328,394.4005,0.272,,,,1.0,,,,,,,,,,,,,,,,,,2.0,,,,,,,,,,,,,,3.0
,1,3002,10080,kpZg23,16.5788,2.569,5.3769,114.2155,0.1806,1257.6075,208.2627,0.3139,,,,,,,,1.0,,,,,,,,,,,,4.0,3.0,,,,,,,2.0,,,,,,,,
,0,3002,10081,kpZg23g,16.9831,2.569,5.3769,111.2818,0.1814,1062.9876,224.91,0.4786,,,,,,,,1.0,,,,,,,,,,,,4.0,3.0,,5,,,,,2.0,,,,,,,,
,0,3002,10090,fkpZg23,16.5788,2.569,5.3769,114.2155,0.1806,1257.6075,208.2627,0.3139,,,,,,,,1.0,,,,,,,,,,,,4.0,3.0,,,,,,,2.0,,,,,,,,
,0,3002,10121,kpZn23x,16.004,2.8941,5.4181,123.2527,0.2624,1221.1554,190.7336,0.3202,,,,,,,,1.0,,,,,,,,,,,,,34.0,,,5.0,,,2.0,,,,,,,,,
,0,3002,11030,kZn40A,13.9449,2.5908,5.1904,100.1181,0.2159,1315.0981,223.0985,0.2872,,,,,,,,1.0,,,,,,,,,,,,23.0,,,,,,,,,,,,,,,,
,0,3002,11031,kZn10A,13.4773,2.5908,5.1904,127.9776,0.2638,1288.5534,280.0188,0.2931,,,,,,,,1.0,,,,,,,,,,,,,,2.0,,,,,,,,,,,,,,
,0,3002,12020,kSn13A,17.8539,2.7424,5.3043,122.7071,0.2503,958.2608,179.3487,0.3726,,,,,,,,1.0,,,,,,,,,,,,,3.0,,,,,,2.0,,,,,,,,,
,1,3003,4160,gHd30,6.5556,1.3892,0.3478,59.8118,0.0067,186.8644,363.4775,0.9411,,,,,1.0,,,,,,,,,,,,,,,,,,2_5,,,,,,,,,,,,,
,0,3003,3030,gY30,6.2637,1.6514,0.575,59.8118,0.0096,192.6144,374.5878,0.9128,,,,,1.0,,,,,,,,,,,,,,,,,,234,,,,,,,,,,,,,
,0,3003,10260,Zd30,6.6807,1.2769,0.2505,59.8118,0.0058,184.4002,358.716,0.9532,,,,,1.0,,,,,,,,,,,,,,,,,,2,,,,,,,,,,,,,
,0,3003,11060,Zn30A,6.8892,1.0896,0.0882,59.8118,0.0045,180.293,350.7801,0.9734,,,,,,,,,,,,,,,,,,,,,,,1,,,,,,,,,,,,,
,0,3003,11061,Zn30Ab,6.6807,1.2769,0.2505,59.8118,0.0058,184.4002,358.716,0.9532,,,,,1.0,,,,,,,,,,,,,,,,,,23,,,,,,,,,,,,,
,0,3003,9024080,Hn30,6.5556,1.3892,0.3478,59.8118,0.0067,186.8644,363.4775,0.9411,,,,,1.0,,,,,,,,,,,,,,,,,,2_5,,,,,,,,,,,,,
,1,3004,9024050,Hn23,6.7342,3.7334,3.5891,112.8355,0.252,840.4441,271.1547,0.3481,,,1.0,,,,,,,,,,,,,,,,,4.0,23.0,,,,,,,,,,,,,,,
,0,3004,4060,Hn23g,6.869,3.7334,3.5891,113.1711,0.2523,775.5708,276.7038,0.403,,,1.0,,,,,,,,,,,,,,,,,4.0,23.0,,5,,,,,,,,,,,,,
,0,3004,10070,fpZg23,7.061,3.6431,3.2707,114.2155,0.239,790.4763,266.4007,0.3579,,,1.0,,,,,,,,,,,,,,,,,4.0,23.0,,,,,,,,,,,,,,,
,0,3004,10071,fpZg23g,7.3306,3.6431,3.2707,113.8803,0.2403,660.7297,277.499,0.4677,,,1.0,,,,,,,,,,,,,,,,,4.0,23.0,,5,,,,,,,,,,,,,
,0,3004,10130,pZn23,8.9923,3.8237,3.9074,118.0325,0.2712,593.4256,245.9935,0.4061,,,1.0,,,,,,,,,,,,,,,,,,23.0,,,,,,,,,,,,,,,
,0,3004,10200,Zn23,7.061,3.6431,3.2707,114.2155,0.239,790.4763,266.4007,0.3579,,,1.0,,,,,,,,,,,,,,,,,4.0,23.0,,,,,,,,,,,,,,,
,0,3004,12010,Sn13A,8.9923,3.8237,3.9074,118.0325,0.2712,593.4256,245.9935,0.4061,,,1.0,,,,,,,,,,,,,,,,,,2.0,,,,,,,,,,,,,,,
,0,3004,9023020,Y23,6.1947,3.607,3.1434,103.7969,0.2106,885.0411,276.0379,0.3356,,,1.0,,,,,,,,,,,,,,,,,34.0,2.0,,,,,,,,,,,,,,,
,0,3004,9034050,Hn23,6.5216,3.5167,2.825,106.6979,0.2042,835.0733,271.2839,0.3455,,,1.0,,,,,,,,,,,,,,,,,4.0,23.0,,,,,,,,,,,,,,,
,0,3004,90110280,Zb23,7.2881,3.7334,3.5891,116.1983,0.2573,776.8042,264.7443,0.3626,,,1.0,,,,,,,,,,,,,,,,,4.0,23.0,,,,,,,,,,,,,,,
,0,3004,90210280,Zb23,7.6294,3.5167,2.825,116.1983,0.2186,707.7936,258.4631,0.3746,,,1.0,,,,,,,,,,,,,,,,,5.0,234.0,,,,,,,,,,,,,,,
,1,3005,9028090,zEZ23,7.1435,3.914,4.2258,145.8096,0.3569,967.2332,280.0168,0.3414,,,123.0,,,,,,,,,,,,,,,,,,45.0,,,,,,,,,,,,,,,
,0,3005,8020,EZg23,7.7124,3.914,4.2258,139.6765,0.3498,852.2155,269.5481,0.3613,,,123.0,,,,,,,,,,,,,,,,,,4.0,,,,,,,,,,,,,,,
,0,3005,8100,zEZ23x,5.4192,3.914,4.2258,131.0263,0.3419,1220.2216,287.621,0.2859,,,12.0,,,,,,,,,,,,,,,,,3.0,,,,4.0,,,,,,,,,,,,
,0,3005,11020,Zn10A,4.3967,3.5157,4.6888,127.9776,0.4,1069.5985,370.8182,0.309,,,,1.0,,,,,,,,,,,,,,,,,,2.0,,,,,,,,,,,,,,
,0,3005,9018040,bEZ23,7.4279,3.914,4.2258,143.1021,0.3545,909.7243,274.7825,0.3514,,,123.0,,,,,,,,,,,,,,,,,,45.0,,,,,,,,,,,,,,,
,0,3005,9018090,zEZ23,7.1435,3.914,4.2258,145.8096,0.3569,967.2332,280.0168,0.3414,,,123.0,,,,,,,,,,,,,,,,,,45.0,,,,,,,,,,,,,,,
,0,3005,9028040,bEZ23,7.4279,3.914,4.2258,143.1021,0.3545,909.7243,274.7825,0.3514,,,123.0,,,,,,,,,,,,,,,,,,45.0,,,,,,,,,,,,,,,
,1,3006,9014080,Hn30,6.0552,1.8386,0.7372,59.8118,0.0126,196.7215,382.5237,0.8926,,,,,1.0,,,,,,,,,,,,,,,,,,23,,,,,,,,,,,,,
,0,3006,3070,gcY30,5.2212,2.2132,1.0618,68.8643,0.0332,213.1501,414.2673,0.8117,,,,,12.0,,,,,,,,,,,,,,,,,,345,,,,,,,,,,,,,
,0,3006,8050,bEZ30,3.9703,2.2132,1.0618,79.193,0.0481,237.7928,461.8827,0.6905,,,,,12.0,,,,,,,,,,,,,,,,,,34,,,,,,,,,,,,,
,0,3006,8110,zEZ30g,4.3873,2.2132,1.0618,78.4915,0.0468,229.5786,446.0109,0.7309,,,,,12.0,,,,,,,,,,,,,,,,,,34,,,,,,,,,,,,,
,0,3006,10170,pZn30,6.0552,1.8386,0.7372,59.8118,0.0126,196.7215,382.5237,0.8926,,,,,1.0,,,,,,,,,,,,,,,,,,23,,,,,,,,,,,,,
,0,3006,10230,Zn30,6.0552,1.8386,0.7372,59.8118,0.0126,196.7215,382.5237,0.8926,,,,,1.0,,,,,,,,,,,,,,,,,,23,,,,,,,,,,,,,
,0,3006,10290,Zb30,6.0552,1.8386,0.7372,59.8118,0.0126,196.7215,382.5237,0.8926,,,,,1.0,,,,,,,,,,,,,,,,,,234,,,,,,,,,,,,,
,1,3007,9024090,cHn21,4.0644,3.0027,4.1537,80.5462,0.027,713.15,480.6715,0.5133,,12.0,,,,,,,,,,,,,,,,,345,,,,,,,,,,,,,,,,,
,0,3007,3040,cY21,4.0471,3.0027,4.1537,79.7629,0.027,830.1023,441.341,0.4565,,12.0,,,,,,,,,,,,,,,,,45,3.0,,,,,,,,,,,,,,,,
,0,3007,4100,cHn21g,4.4428,3.0027,4.1537,80.4741,0.027,693.9586,438.3231,0.5928,,12.0,,,,,,,,,,,,,,,,,34,,,,5,,,,,,,,,,,,,
,0,3007,4170,cHd21,4.2024,3.0027,4.1537,85.7734,0.028,831.5671,426.6135,0.4459,,12.0,,,,,,,,,,,,,,,,,5,34.0,,,,,,,,,,,,,,,,
,0,3007,8010,EZg21,3.0809,3.0027,4.1537,71.0744,0.0246,1055.2184,451.0448,0.4068,,123.0,,,,,,,,,,,,,,,,,4,,,,,,,,,,,,,,,,,
,0,3007,10014,pZg21w,4.3133,3.8015,2.3109,83.5389,0.0937,1126.3666,465.5859,0.4559,12.0,,,,,,,,,,,,,,,,,,35,,,,,,,,,,,,,,,,,4.0
,0,3007,9014090,cHn21,4.0644,3.0027,4.1537,80.5462,0.027,713.15,480.6715,0.5133,,12.0,,,,,,,,,,,,,,,,,345,,,,,,,,,,,,,,,,,
,1,3008,4031,Hn21t,11.7678,3.1431,3.9254,98.0771,0.0338,1130.5703,290.9248,0.3135,,1.0,,,,,,,,,,,,,,,,,,234.0,,,,,,,,,,,,5.0,,,,
,0,3008,4111,cHn21t,11.3236,3.0027,4.1537,81.9209,0.0275,979.9857,384.2703,0.4164,,12.0,,,,,,,,,,,,,,,,,34,5.0,,,,,,,,,,,,6.0,,,,
,0,3008,10112,pZn21t,15.1753,3.0729,4.0395,97.7236,0.0308,1188.6959,289.3969,0.3165,,1.0,,,,,,,,,,,,,,,,,,23.0,,,,,,,,,,,,4.0,,,,
,1,3009,4030,Hn21x,4.2293,3.1431,3.9254,99.7271,0.0341,1233.2802,300.9554,0.2734,,1.0,,,,,,,,,,,,,,,,,,234.0,,,,5.0,,,,,,,,,,,,
,0,3009,3011,Y21g,5.1585,3.2554,3.7428,100.4502,0.0427,895.682,307.0367,0.4159,,1.0,,,,,,,,,,,,,,,,,,234.0,,,5,,,,,,,,,,,,,
,0,3009,4110,cHn21x,3.8853,3.0027,4.1537,83.8004,0.0277,1262.1287,316.5782,0.2717,,12.0,,,,,,,,,,,,,,,,,,345.0,,,,6.0,,,,,,,,,,,,
,0,3009,10013,pZg21x,3.9101,3.0027,4.1537,99.7271,0.0291,1288.8268,310.7451,0.2663,,12.0,,,,,,,,,,,,,,,,,,34.0,,,,5.0,,,,,,,,,,,,
,0,3009,9013010,Y21,4.474,3.0729,4.0395,100.1181,0.0312,1097.6392,308.665,0.2969,,1.0,,,,,,,,,,,,,,,,,,234.0,,,,,,,,,,,,,,,,
,0,3009,9023010,Y21,4.889,3.2554,3.7428,100.1181,0.0427,1025.4286,295.9384,0.3061,,1.0,,,,,,,,,,,,,,,,,,234.0,,,,,,,,,,,,,,,,
,0,3009,90111040,Zn40A,4.474,3.0729,4.0395,100.1181,0.0312,1097.6392,308.665,0.2969,,1.0,,,,,,,,,,,,,,,,,,23.0,,,,,,,,,,,,,,,,
,0,3009,90211040,Zn40A,5.1124,3.3536,3.583,100.1181,0.0609,986.546,289.0857,0.3111,,1.0,,,,,,,,,,,,,,,,,,23.0,,,,,,,,,,,,,,,,
,1,3010,10191,kZn30,22.1585,2.4273,5.611,64.8107,0.0317,945.1144,256.7712,0.748,,,,,,,,,1.0,,,,,,,,,,,,,,3,,,,,2.0,,,,,,,,
,1,3011,10190,kZn21,21.0865,2.4273,5.611,88.9924,0.1588,999.4902,376.7584,0.5226,,,,,,,,,1.0,,,,,,,,,,3,,,,,,,,,2.0,,,,,,,,
,0,3011,10195,kZn21,21.0865,2.4273,5.611,88.9924,0.1588,999.4902,376.7584,0.5226,,,,,,,,,1.0,,,,,,,,,,3,,,,,,,,,2.0,,,,,,,,
,0,3011,10221,fkZn21,21.0865,2.4273,5.611,88.9924,0.1588,999.4902,376.7584,0.5226,,,,,,,,,1.0,,,,,,,,,,34,,,,,,,,,2.0,,,,,,,,
,1,3012,8060,zEZ21,2.4122,3.0027,4.1537,70.3694,0.0242,1370.9782,401.7957,0.2932,,123.0,,,,,,,,,,,,,,,,,5,4.0,,,,,,,,,,,,,,,,
,0,3012,8012,EZg21w,4.4591,3.0027,4.1537,66.0455,0.0242,1372.5094,396.7168,0.4042,,12.0,,,,,,,,,,,,,,3.0,,,4,,,,,,,,,,,,,,,,,
,0,3012,8030,bEZ21,2.9039,3.0027,4.1537,70.4204,0.0244,1199.944,416.6091,0.3465,,123.0,,,,,,,,,,,,,,,,,5,4.0,,,,,,,,,,,,,,,,
,0,3012,8061,zEZ21t,9.693,3.0027,4.1537,69.8488,0.024,1491.6235,354.5577,0.2673,,123.0,,,,,,,,,,,,,,,,,,4.0,,,,,,,,,,,,5.0,,,,
,1,3013,8120,EZ50A,4.7372,3.8015,2.3109,98.6139,0.1083,398.3478,486.6894,0.5571,12.0,,,,,,,,,,,,,,,,,,3,,,,,,,,,,,,,,,,,
,0,3013,8016,EZg21,4.6733,3.8015,2.3109,100.2149,0.1085,412.4767,483.341,0.5473,12.0,,,,,,,,,,,,,,,,,,3,,,,,,,,,,,,,,,,,
,0,3013,10016,pZg21,4.9926,3.8015,2.3109,83.9935,0.0937,341.8322,500.0831,0.5964,12.0,,,,,,,,,,,,,,,,,,3,,,,,,,,,,,,,,,,,
,1,3014,9034010,Hn21,4.884,3.5096,2.6796,83.9935,0.0326,428.0931,505.3604,0.602,,1.0,,,,,,,,,,,,,,,,,2_5,,,,,,,,,,,,,,,,,
,0,3014,10270,Zb21,5.0945,3.3115,3.6514,83.9935,0.0498,476.9246,469.0098,0.5644,,1.0,,,,,,,,,,,,,,,,,3,2.0,,,,,,,,,,,,,,,,
,0,3014,11010,pZg20A,4.7115,3.1431,3.9254,83.9935,0.0338,543.5806,480.7574,0.5558,,1.0,,,,,,,,,,,,,,,,,3,2.0,,,,,,,,,,,,,,,,
,0,3014,9014020,Hn21g,4.9345,3.1717,3.6623,83.8811,0.0301,522.9244,453.1364,0.646,,1.0,,,,,,,,,,,,,,,,,234,,,,5,,,,,,,,,,,,,
,0,3014,90110186,Zn21,4.7201,3.3406,3.171,83.9935,0.0314,485.1044,500.4226,0.5842,,1.0,,,,,,,,,,,,,,,,,2,,,,,,,,,,,,,,,,,
,1,3015,9024010,Hn21,4.5259,3.0729,4.0395,102.4713,0.0316,746.7824,426.6565,0.4671,,1.0,,,,,,,,,,,,,,,,,4,23.0,,,,,,,,,,,,,,,,
,0,3015,8070,zEZ21g,4.1067,3.1359,3.8466,101.2305,0.0317,673.809,440.8263,0.5082,2.0,1.0,,,,,,,,,,,,,,,,,34,,,,5,,,,,,,,,,,,,
,0,3015,10010,pZg21,4.3663,3.0027,4.1537,102.4713,0.0295,774.5557,431.5513,0.4636,,12.0,,,,,,,,,,,,,,,,,4,3.0,,,,,,,,,,,,,,,,
,0,3015,10012,pZg21g,4.7447,3.0027,4.1537,101.2053,0.0295,755.3642,389.2029,0.5431,,12.0,,,,,,,,,,,,,,,,,4,3.0,,,5,,,,,,,,,,,,,
,0,3015,10110,pZn21,4.5346,3.0729,4.0395,99.5557,0.0317,688.3062,446.3217,0.4955,,1.0,,,,,,,,,,,,,,,,,3,2.0,,,,,,,,,,,,,,,,
,0,3015,10111,pZn21g,4.9216,3.0729,4.0395,92.7463,0.0316,610.6386,423.6385,0.6035,,1.0,,,,,,,,,,,,,,,,,3,2.0,,,4,,,,,,,,,,,,,
,0,3015,10211,fZn21,4.8365,3.2133,3.8113,102.7933,0.0391,749.7119,397.2016,0.4459,,1.0,,,,,,,,,,,,,,,,,4,23.0,,,,,,,,,,,,,,,,
,0,3015,9014010,Hn21,4.5259,3.0729,4.0395,102.4713,0.0316,746.7824,426.6565,0.4671,,1.0,,,,,,,,,,,,,,,,,4,23.0,,,,,,,,,,,,,,,,
,0,3015,90111050,Zn50A,4.5389,3.0729,4.0395,96.7677,0.0317,659.0681,456.1543,0.5097,,1.0,,,,,,,,,,,,,,,,,3,2.0,,,,,,,,,,,,,,,,
,1,3016,10040,pZg23g,7.0387,3.914,4.2258,111.2818,0.2867,682.1197,290.8996,0.5077,,,12.0,,,,,,,,,,,,,,,,,4.0,3.0,,5,,,,,,,,,,,,,
,0,3016,4015,uHn21,5.536,3.8323,4.0996,102.4713,0.2295,645.6214,404.5842,0.4843,,,1.0,,,,,,,,,,,,,,,,4,23.0,,,,,,,,,,,,,,,,
,0,3016,10140,pZn23g,6.7119,3.8237,3.9074,96.6833,0.2302,608.4719,307.9278,0.603,,,1.0,,,,,,,,,,,,,,,,,3.0,2.0,,4,,,,,,,,,,,,,
,0,3016,10210,fZn23,6.7177,3.6431,3.2707,113.2152,0.2378,657.4745,329.6701,0.4333,,,1.0,,,,,,,,,,,,,,,,4,3.0,2.0,,,,,,,,,,,,,,,
,0,3016,10281,Zb23g,7.6924,3.7334,3.5891,112.424,0.26,582.1843,281.3916,0.5273,,,1.0,,,,,,,,,,,,,,,,,4.0,23.0,,5,,,,,,,,,,,,,
,0,3016,90310030,pZg23,7.113,3.6431,3.2707,111.4345,0.259,439.6195,384.3922,0.5282,,,1.0,,,,,,,,,,,,,,,,4,,23.0,,,,,,,,,,,,,,,
,1,3017,10100,pZg30r,19.2628,1.8386,0.7372,58.9414,0.0117,1002.3325,287.1258,0.6628,,,,,1.0,,,,,,,,,,,,,,,,,,23,,,,,4.0,,,,,,,,
,1,3018,8101,zEZ23t,17.1636,3.914,4.2258,146.6174,0.3312,1099.3063,265.718,0.3469,,,123.0,,,,,,,,,,,,,,,,,,4.0,,,,,,,,,,,5.0,,,,
,0,3018,8041,bEZ23t,13.8236,3.914,4.2258,144.5889,0.3384,1055.282,270.4843,0.3451,,,123.0,,,,,,,,,,,,,,,,,,4.0,,,,,,,,,,,5.0,,,,
,1,3019,10240,Zd21,5.2992,3.9734,1.4266,83.9935,0.0358,274.0135,516.1556,0.6434,1.0,,,,,,,,,,,,,,,,,,234,,,,,,,,,,,,,,,,,
,0,3019,4140,Hd21,5.2736,3.9591,1.5003,83.9935,0.0397,279.6651,514.8163,0.6395,1.0,,,,,,,,,,,,,,,,,,2_5,,,,,,,,,,,,,,,,,
,0,3019,4150,Hd21g,5.7781,3.9591,1.5003,83.5591,0.0393,254.0765,458.3517,0.7456,1.0,,,,,,,,,,,,,,,,,,2_5,,,,6,,,,,,,,,,,,,
,0,3019,10182,Zn21g,5.5259,3.9591,1.5003,83.9597,0.0397,266.8708,486.584,0.6926,1.0,,,,,,,,,,,,,,,,,,23,,,,4,,,,,,,,,,,,,
,0,3019,10186,Zn21,5.2736,3.9591,1.5003,83.9935,0.0397,279.6651,514.8163,0.6395,1.0,,,,,,,,,,,,,,,,,,23,,,,,,,,,,,,,,,,,
,0,3019,10241,zHd21,5.2992,3.9734,1.4266,83.9935,0.0358,274.0135,516.1556,0.6434,1.0,,,,,,,,,,,,,,,,,,2_9,,,,,,,,,,,,,,,,,
,0,3019,10250,Zd21g,5.6775,3.9734,1.4266,83.8811,0.0357,254.8221,473.8072,0.723,1.0,,,,,,,,,,,,,,,,,,234,,,,5,,,,,,,,,,,,,
,0,3019,10251,zgY30,6.0299,3.9734,1.4266,87.5275,0.0342,411.0591,372.4631,0.7174,1.0,,,,,,,,,,,,,,,,,,234,56.0,,,78,,,,,,,,,,,,,
,0,3019,11070,Zd20A,5.2864,3.9663,1.4634,83.9935,0.0377,276.8393,515.486,0.6415,1.0,,,,,,,,,,,,,,,,,,2,,,,,,,,,,,,,,,,,
,0,3019,11071,Zd20Ab,5.2864,3.9663,1.4634,83.9935,0.0377,276.8393,515.486,0.6415,1.0,,,,,,,,,,,,,,,,,,23,,,,,,,,,,,,,,,,,
,0,3019,9024020,Hn21g,5.4919,3.7461,1.9917,83.8811,0.0325,329.0856,469.9249,0.7064,,1.0,,,,,,,,,,,,,,,,,2_5,,,,6,,,,,,,,,,,,,
,0,3019,90210186,Zn21,5.2736,3.9591,1.5003,83.9935,0.0397,279.6651,514.8163,0.6395,1.0,,,,,,,,,,,,,,,,,,23,,,,,,,,,,,,,,,,,
,0,3019,90211050,Zn50A,5.312,3.9806,1.3897,83.9935,0.034,271.1878,516.8253,0.6454,1.0,,,,,,,,,,,,,,,,,,23,,,,,,,,,,,,,,,,,
,1,3020,10061,pZg23t,18.728,3.7334,3.5891,116.5038,0.2425,783.0076,236.929,0.4017,,,1.0,,,,,,,,,,,,,,,,,,234.0,,,,,,,,,,,5.0,,,,
,0,3020,4071,Hn23t,17.2509,3.7334,3.5891,108.9754,0.2327,952.714,254.0235,0.3629,,,1.0,,,,,,,,,,,,,,,,,4.0,23.0,,,,,,,,,,,5.0,,,,
,0,3020,4131,cHn23t,19.758,3.914,4.2258,125.37,0.2901,934.4147,246.3232,0.3802,,,12.0,,,,,,,,,,,,,,,,,,34.0,,,,,,,,,,,5.0,,,,
,0,3020,10072,fpZg23t,18.8702,3.6431,3.2707,116.5037,0.2282,754.2532,234.3118,0.4066,,,1.0,,,,,,,,,,,,,,,,,,23.0,,,,,,,,,,,4.0,,,,
,0,3020,10151,pZn23t,18.5858,3.8237,3.9074,116.5038,0.2562,811.762,239.5462,0.3967,,,1.0,,,,,,,,,,,,,,,,,,23.0,,,,,,,,,,,4.0,,,,
,0,3020,10201,Zn23t,18.8702,3.6431,3.2707,116.5037,0.2282,754.2532,234.3118,0.4066,,,1.0,,,,,,,,,,,,,,,,,,2.0,,,,,,,,,,,3.0,,,,
,0,3020,11051,Zn50Ar,15.1152,3.8237,3.9074,89.6189,0.1826,959.6639,276.4488,0.4262,,,1.0,,,,,,,,,,,,,,,,3,,2.0,,,,,,4.0,,,,,,,,,
,1,3021,90210030,pZg23,6.6344,3.914,4.2258,114.2155,0.2834,876.7396,274.2523,0.343,,,12.0,,,,,,,,,,,,,,,,,4.0,3.0,,,,,,,,,,,,,,,
,0,3021,3050,cY23,6.9039,3.914,4.2258,122.7169,0.3125,870.6086,273.0762,0.3475,,,12.0,,,,,,,,,,,,,,,,,5.0,34.0,,,,,,,,,,,,,,,
,0,3021,3060,cY23x,7.5576,3.914,4.2258,124.9406,0.3098,873.4849,260.5157,0.3538,,,12.0,,,,,,,,,,,,,,,,,,345.0,,,6.0,,,,,,,,,,,,
,0,3021,4070,Hn23x,6.1452,3.7334,3.5891,110.9812,0.2457,1025.0716,270.4768,0.3162,,,1.0,,,,,,,,,,,,,,,,,4.0,23.0,,,5.0,,,,,,,,,,,,
,0,3021,4121,cHn23g,6.4099,3.914,4.2258,120.3887,0.3187,865.693,290.4275,0.4104,,,12.0,,,,,,,,,,,,,,,,,45.0,3.0,,6,,,,,,,,,,,,,
,0,3021,4130,cHn23x,6.8015,3.914,4.2258,126.1381,0.3088,1018.832,265.5187,0.3257,,,12.0,,,,,,,,,,,,,,,,,,34.0,,,5.0,,,,,,,,,,,,
,0,3021,8021,EZg23g,6.2703,3.914,4.2258,117.9366,0.3559,869.7286,307.5635,0.4775,,,123.0,,,,,,,,,,,,,,,,,4.0,,,5,,,,,,,,,,,,,
,0,3021,8022,EZg23w,8.2825,3.914,4.2258,120.6257,0.2377,1250.4353,232.878,0.3451,,,12.0,,,,,,,,,,,,,3.0,,,,,4.0,,,,,,,,,,,,,,,
,0,3021,8091,zEZ23g,5.3623,3.914,4.2258,111.691,0.3209,1110.5684,316.0446,0.3535,,3.0,12.0,,,,,,,,,,,,,,,,,4.0,,,5,,,,,,,,,,,,,
,0,3021,10060,pZg23x,6.8339,3.914,4.2258,119.0989,0.2842,1009.7721,261.9521,0.3263,,,12.0,,,,,,,,,,,,,,,,,,3.0,,,4.0,,,,,,,,,,,,
,0,3021,10150,pZn23x,7.4802,3.8237,3.9074,118.2746,0.2703,884.1197,255.9995,0.35,,,1.0,,,,,,,,,,,,,,,,,,23.0,,,4.0,,,,,,,,,,,,
,0,3021,12011,Sn13Av,7.4009,3.8237,3.9074,120.5568,0.2746,1133.6777,291.9371,0.3568,,,1.0,,,,,,,,,,,,,,,,,,2.0,,,,,,,,,,,,,,,3.0
,0,3021,9013020,Y23,6.0381,3.8237,3.9074,106.6979,0.2485,932.8384,280.1823,0.3285,,,1.0,,,,,,,,,,,,,,,,,34.0,2.0,,,,,,,,,,,,,,,
,0,3021,9014050,Hn23,6.592,3.8237,3.9074,112.8355,0.2665,869.1985,273.7719,0.3431,,,1.0,,,,,,,,,,,,,,,,,4.0,23.0,,,,,,,,,,,,,,,
,0,3021,9014120,cHn23,6.2078,3.914,4.2258,121.0091,0.3175,963.0029,282.1038,0.328,,,12.0,,,,,,,,,,,,,,,,,45.0,3.0,,,,,,,,,,,,,,,
,0,3021,9024120,cHn23,6.35,3.914,4.2258,119.0722,0.3076,934.2485,279.4867,0.333,,,12.0,,,,,,,,,,,,,,,,,45.0,3.0,,,,,,,,,,,,,,,
,0,3021,90110030,pZg23,6.6344,3.914,4.2258,114.2155,0.2834,876.7396,274.2523,0.343,,,12.0,,,,,,,,,,,,,,,,,4.0,3.0,,,,,,,,,,,,,,,
,1,3022,10220,fkZn23,22.6748,2.4273,5.611,119.8568,0.1772,1305.6178,190.3726,0.325,,,,,,,,,1.0,,,,,,,,,,,4.0,3.0,,,,,,,2.0,,,,,,,,
,1,3023,4040,kHn21,14.4421,2.8941,5.4181,98.1274,0.2485,852.5163,364.5426,0.5068,,,,,,,,1.0,,,,,,,,,,,45,3.0,,,,,,,2.0,,,,,,,,,
,0,3023,4041,kHn21x,14.1553,2.8941,5.4181,97.3363,0.2448,1078.4115,323.3356,0.432,,,,,,,,1.0,,,,,,,,,,,45,3.0,,,,6.0,,,2.0,,,,,,,,,
,0,3023,4045,kHn21,14.4421,2.8941,5.4181,98.1274,0.2485,852.5163,364.5426,0.5068,,,,,,,,1.0,,,,,,,,,,,45,3.0,,,,,,,2.0,,,,,,,,,
,0,3023,10020,kpZg21,14.1131,3.0457,5.532,88.9935,0.1867,766.2408,385.5867,0.5389,,,,,,,,1.0,,,,,,,,,,,34,,,,,,,,2.0,,,,,,,,,
,0,3023,10120,kpZn21,12.5427,2.7296,4.9035,102.7933,0.2192,963.3298,331.6068,0.4337,,,,,,,,1.0,,,,,,,,,,,4,23.0,,,,,,,,,,,,,,,,
,0,3023,11032,kZn50A,14.0227,2.5908,5.1904,83.9935,0.1391,788.8128,400.0857,0.5426,,,,,,,,1.0,,,,,,,,,,,2,,,,,,,,,,,,,,,,,
,1,4001,15520,kMn63C,88.7346,1.5161,3.9119,16.0033,0.0104,4636.0026,7.5608,0.1224,,,,,,,,,,12.0,,,,,,,,,,,,,,,,,,,3.0,45,,,,,,
,0,4001,15530,kMn68C,88.7346,1.5161,3.9119,16.0033,0.0104,4636.0026,7.5608,0.1224,,,,,,,,,,12.0,,,,,,,,,,,,,,,,,,,3.0,4,,,,,,
,0,4001,16150,Rn94C,80.8585,1.5235,3.9357,15.9984,0.0094,4532.353,7.4046,0.1204,,,,,,,,,,1.0,,,,,,,,,,,,,,,,,,,2.0,3,,,,,,
,1,4002,15130,Mv41C,51.5328,1.8629,4.7963,40.9201,0.0483,4826.3899,24.423,0.1695,,,,,,,,,,,12.0,,,,,,,,,,,,,,,,,,,3,,,,,45.0,
,0,4002,15020,pMv81,57.1782,1.8239,4.5941,29.8643,0.0418,4907.8527,21.0608,0.1577,,,,,,,,,,,1.0,,,,,,,,,,,,,,,,,,,2,,,,,3.0,
,0,4002,15111,eMv41C,54.6938,1.8629,4.7963,33.6117,0.0459,4842.2141,23.2623,0.1661,,,,,,,,,,,1.0,,,,,,,,,,,,,,,,,,,2,,,,,34.0,
,0,4002,15460,gMn83C,64.6499,1.8239,4.5941,29.8643,0.0224,4666.0226,6.8137,0.1127,,,,,,,,,,,1.0,,,,,,,,,,,,,,,,,,3.0,2,,,,,,
,0,4002,15480,gMn88Cv,64.4771,1.8629,4.7963,29.8643,0.0326,5109.8982,15.082,0.1348,,,,,,,,,,,12.0,,,,,,,,,,,,,,,,,,,35,4.0,,,,6.0,
,0,4002,15481,gMn88Clv,52.1328,1.8629,4.7963,29.8643,0.031,5266.8127,15.0269,0.1274,,,,,,,,,,,12.0,,,,,,,,,,,,,,,,,,,3,4.0,,,,5.0,
,0,4002,16030,pRn86,65.3621,1.785,4.3919,29.8643,0.0262,4769.3288,7.1802,0.1124,,,,,,,,,,,12.0,,,,,,,,,,,,,,,,,,4.0,3,,,,,,
,0,4002,90115360,Mn45A,64.6499,1.8239,4.5941,29.8643,0.0224,4666.0226,6.8137,0.1127,,,,,,,,,,,1.0,,,,,,,,,,,,,,,,,,34.0,2,,,,,,
,1,4003,15340,Mn35Av,61.3892,1.5235,3.9357,15.9984,0.0089,4365.0819,11.6778,0.1323,,,,,,,,,,12.0,,,,,,,,,,,,,,,,,,,3.0,4,,,,,5.0,
,0,4003,15070,pMn86C,67.0074,1.3361,3.606,19.0295,0.0133,4714.7507,4.9385,0.1058,,,,,,,,,,,,12.0,,,,,,,,,,,,,,,,,4.0,3,,,,,,
,0,4003,17050,KRn8,63.7095,1.5161,3.9119,15.9294,0.0092,4254.764,6.2051,0.1157,,,,,,,,,,1.0,,,,,,,,,,,,,,,,,,,24.0,3,,,,,,
,0,4003,90115060,pMn85A,61.7802,1.5308,3.9594,21.9408,0.0117,4290.7203,7.1824,0.1157,,,,,,,,,,12.0,,,,,,,,,,,,,,,,,,,4.0,3,,,,,,
,0,4003,90215060,pMn85A,61.7802,1.5308,3.9594,21.9408,0.0117,4290.7203,7.1824,0.1157,,,,,,,,,,12.0,,,,,,,,,,,,,,,,,,,4.0,3,,,,,,
,1,4004,90216080,Rn15A,43.7041,2.7424,5.3043,81.3435,0.1275,2468.6352,41.4141,0.2217,,,,,,,,1.0,,,,,,,,,,,,,,,,,,,2.0,3.0,,,,,,,,
,0,4004,5040,BKd25,34.9792,2.7424,5.3043,84.9973,0.1374,2234.1771,65.3192,0.2395,,,,,,,,1.0,,,,,,,,,,,,,,,,,,5.0,23.0,4.0,,,,,,,,
,0,4004,15250,Mn15Av,41.9458,2.7424,5.3043,75.747,0.1159,2764.6412,66.4076,0.232,,,,,,,,1.0,,,,,,,,,,,,,,,,,,3.0,2.0,,,4,,,,,5.0,
,0,4004,90116080,Rn15A,42.0113,2.7424,5.3043,87.8946,0.1424,2366.5103,45.5152,0.2308,,,,,,,,1.0,,,,,,,,,,,,,,,,,,,2.0,3.0,,,,,,,,
,0,4004,90116210,Rn15C,46.2433,2.7424,5.3043,71.2979,0.1076,2621.8226,35.2623,0.208,,,,,,,,1.0,,,,,,,,,,,,,,,,,,,2.0,3.0,,,,,,,,
,0,4004,90216210,Rn15C,46.2433,2.7424,5.3043,71.2979,0.1076,2621.8226,35.2623,0.208,,,,,,,,1.0,,,,,,,,,,,,,,,,,,,2.0,3.0,,,,,,,,
,1,4005,15441,Mn85Cv,46.5568,1.8239,4.5941,43.97,0.0506,3921.9472,36.9981,0.1963,,,,,,,,,,,12.0,,,,,,,,,,,,,,,,4.0,,,3,,,,,5.0,
,0,4005,15071,pMn86Cw,43.7969,1.8239,4.5941,53.9975,0.038,4005.0388,112.592,0.1531,,,,,,,,,,,1.0,,,,,,,,,,,,,,,,,5.0,4.0,2,,,,,,3.0
,0,4005,15442,Mn85Cwp,42.6885,1.8239,4.5941,29.1322,0.0247,3831.5538,121.8011,0.1651,,,,,,,,,,,12.0,,,,,,,,,6.0,,,,,,,,,4.0,3,,,,,,5.0
,1,4006,15100,Mv51A,37.6794,3.5006,5.8736,25.7745,0.0293,3518.419,42.8695,0.2223,,,,,,,,,,,,,,,,,,,,,,,,,,,12.0,,3.0,,,,,,45.0,
,1,4007,90215360,Mn45A,69.1999,1.8239,4.5941,29.8643,0.0262,4735.3387,7.0602,0.1139,,,,,,,,,,,12.0,,,,,,,,,,,,,,,,,,45.0,3,,,,,,
,0,4007,15040,pMo80,71.4749,1.8239,4.5941,29.8688,0.0279,4769.9967,7.1835,0.1146,,,,,,,,,,,1.0,,,,,,,,,,,,,,,,,,4.0,23,,,,,,
,0,4007,15090,pMn85C,79.3605,1.785,4.3919,30.4311,0.0332,4985.7677,9.8668,0.1217,,,,,,,,,,,12.0,,,,,,,,,,,,,,,,,5.0,,34,,,,,,
,0,4007,15170,Mo80C,72.3099,1.8629,4.7963,29.8643,0.0281,4511.7173,10.1014,0.1276,,,,,,,,,,,12.0,,,,,,,,,,,,,,,,,5.0,4.0,3,,,,,,
,0,4007,15171,Mo80Cv,76.8213,1.8629,4.7963,29.8687,0.0358,4952.9838,15.1371,0.1422,,,,,,,,,,,12.0,,,,,,,,,,,,,,,,,,,34,,,,,5.0,
,0,4007,15400,Mn86C,77.5877,1.8629,4.7963,29.8643,0.0293,4770.6647,7.1867,0.1167,,,,,,,,,,,12.0,,,,,,,,,,,,,,,,,,4.0,3,,,,,,
,0,4007,15440,Mn85C,81.0461,1.8629,4.7963,29.8688,0.0355,4555.5339,12.1749,0.1361,,,,,,,,,,,12.0,,,,,,,,,,,,,,,,,5.0,,34,,,,,,
,0,4007,15452,gMn58Cv,75.9937,2.0337,5.0446,16.0033,0.0165,4295.7416,18.6843,0.1615,,,,,,,,,12.0,,,,,,,,,,,,,,,,,,,,3.0,4,,,,,5.0,
,0,4007,15462,gMn83Cw,79.8678,1.6934,4.508,29.8643,0.0167,4391.0837,76.2187,0.1425,,,,,,,,,,12.0,,,,,,,,,,,,,,,,,,,,356,,,,,,4.0
,0,4007,15560,kMn48Cv,76.8213,1.8629,4.7963,29.8643,0.0358,4952.9838,15.1371,0.1422,,,,,,,,,,,12.0,,,,,,,,,,,,,,,,,,,3,,,,,4.0,
,0,4007,16180,bRn46C,82.1377,1.8629,4.7963,29.8643,0.0314,4839.9808,7.4332,0.118,,,,,,,,,,,1.0,,,,,,,,,,,,,,,,,,3.0,2,,,,,,
,1,4008,16170,Rn47Cp,68.778,1.9018,4.9985,29.8643,0.0375,3656.257,157.5263,0.277,,,,,,,,,,,12.0,,,,,,,,4,,,,,,,,,,,3,,,,,,
,0,4008,15361,Mn45Ap,56.4091,1.8239,4.5941,29.8643,0.0315,3779.5596,135.92,0.2494,,,,,,,,,,,12.0,,,,,,,,5,,,,,,,,,,4.0,3,,,,,,
,0,4008,15461,gMn83Cp,60.4988,1.8629,4.7963,29.8643,0.0388,3730.1971,100.3388,0.1838,,,,,,,,,,,1.0,,,,,,,,,3.0,,,,,,,,,,2,,,,,,
,0,4008,15541,kMn43Cp,69.347,1.8629,4.7963,29.8687,0.0364,3884.2017,136.293,0.2534,,,,,,,,,,,12.0,,,,,,,,5,,,,,,,,,,,34,,,,,,
,0,4008,16171,Rn47Cwp,64.2777,1.9018,4.9985,29.8643,0.0405,4321.3057,80.238,0.2131,,,,,,,,,,,12.0,,,,,,,,5,,,,,,,,,,,3,,,,,4.0,
,1,4009,15180,Mn12A,19.5175,2.7424,5.3043,123.8503,0.241,1261.526,261.4801,0.4231,,,,,,,,1.0,,,,,,,,,,,4,,,,,,,3.0,2.0,,,,,,,,,
,0,4009,15051,pMn52A,20.9812,2.5908,5.1904,113.9446,0.2175,1181.5696,286.8923,0.4489,,,,,,,,12.0,,,,,,,,,,,4,,,,,,,,3.0,,,,,,,,,
,0,4009,15451,gMn52C,14.687,2.8333,5.3164,123.945,0.2883,1254.5807,276.5113,0.4218,,,,,,,,12.0,,,,,,,,,,,4,,,,,,,3.0,,,,,,,,,,
,0,4009,16021,pRn59,27.8789,2.5857,5.7086,123.6363,0.2788,1280.9696,251.9703,0.4309,,,,,,,,,12.0,,,,,,,,,,4,,,,,,,,3.0,,,,,,,,,
,0,4009,17060,KRd1,24.7196,2.7424,5.3043,132.4317,0.2186,1369.2758,215.1071,0.3964,,,,,,,,1.0,,,,,,,,,,,4,,,,,,,,23.0,,,,,,,,,
,1,4010,16160,Rn47C,40.2779,1.9018,4.9985,22.8178,0.0215,5259.7228,6.883,0.0937,,,,,,,,,,,12.0,,,,,,,,,,,,,,,,,,5.0,3,4.0,,,,,
,0,4010,16010,pRv81,34.12,1.8629,4.7963,22.8178,0.0346,5103.7382,23.1704,0.1538,,,,,,,,,,,12.0,,,,,,,,,,,,,,,,,,,3,4.0,,,,5.0,
,0,4010,16070,Rn46A,34.0664,1.8629,4.7963,29.3632,0.0251,5832.5015,7.8971,0.0847,,,,,,,,,,,12.0,,,,,,,,,,,,,,,,,,,3,4.0,,,,,
,1,4011,90215500,gMn25C,55.6086,2.3472,5.6426,61.4367,0.0927,2874.4052,26.0166,0.193,,,,,,,,,12.0,,,,,,,,,,,,,,,,,,,345.0,,,,,,,,
,0,4011,15251,Mn15Aw,60.8276,2.7424,5.3043,65.3142,0.0752,3624.737,34.9388,0.1994,,,,,,,,1.0,,,,,,,,,,,,,,,,,,,2.0,,,45,,,,,3.0,
,0,4011,15290,Mn25Av,53.4962,2.3472,5.6426,61.4356,0.0939,3073.1301,27.4977,0.1961,,,,,,,,,12.0,,,,,,,,,,,,,,,,,,,34.0,,,,,,,5.0,
,0,4011,15291,Mn25Aw,52.8393,2.3472,5.6426,58.8798,0.044,3651.1176,22.6565,0.175,,,,,,,,,12.0,,,,,,,,,,,,,,,,,,,3.0,5.0,,,,,,4.0,
,0,4011,15411,Mn15Cw,60.5431,2.7424,5.3043,66.8969,0.0785,3390.1288,38.0525,0.2064,,,,,,,,1.0,,,,,,,,,,,,,,,,,,,2.0,,,45,,,,,3.0,
,0,4011,15431,Mn25Cw,72.4476,2.3472,5.6426,58.4018,0.064,3795.8987,22.6551,0.1778,,,,,,,,,12.0,,,,,,,,,,,,,,,,,,,3.0,,56,,,,,4.0,
,0,4011,16121,fRn95C,54.9214,2.3872,5.6268,61.4363,0.0871,2888.0017,25.5536,0.1916,,,,,,,,,12.0,,,,,,,,,,,,,,,,,,,34.0,,,,,,,,
,0,4011,90115430,Mn25C,55.6086,2.3472,5.6426,61.4367,0.0927,2874.4052,26.0166,0.193,,,,,,,,,1.0,,,,,,,,,,,,,,,,,,,234.0,,,,,,,,
,0,4011,90115500,gMn25C,55.6086,2.3472,5.6426,61.4367,0.0927,2874.4052,26.0166,0.193,,,,,,,,,1.0,,,,,,,,,,,,,,,,,,,234.0,,,,,,,,
,0,4011,90215430,Mn25C,55.6086,2.3472,5.6426,61.4367,0.0927,2874.4052,26.0166,0.193,,,,,,,,,12.0,,,,,,,,,,,,,,,,,,,345.0,,,,,,,,
,1,4012,15220,Mn82A,25.8522,1.5235,3.9357,15.9984,0.0123,2094.9519,231.9321,0.3686,,,,,,,,,,1.0,,,,,,,,,4,,,,,,,,3.0,,2.0,,,,,,,
,0,4012,13030,MOb72,25.741,1.4941,3.8406,22.1131,0.0118,2125.9175,156.0398,0.2441,,,,,,,,,,1.0,,,,,,,,,,5.0,,,,,,,4.0,,23.0,,,,,,,
,0,4012,15230,Mn82Ap,26.924,1.5235,3.9357,20.0853,0.0144,2092.4974,245.9967,0.376,,,,,,,,,,1.0,,,,,,,,,4,,,,,,,,,3.0,2.0,,,,,,,
,0,4012,15380,Mn82Cp,27.2567,1.6934,4.508,96.9782,0.0224,2139.1707,192.3859,0.2493,,,,,,,,,,12.0,,,,,,,,,,45.0,,,,,,,,,,3,,,,,,
,0,4012,15381,Mn82Cwp,35.7149,1.6934,4.508,47.5001,0.0203,2549.6047,285.4403,0.3446,,,,,,,,,,12.0,,,,,,,,,56,,,,,,,,,,,3,,,,,,4.0
,0,4012,17051,KRn8g,43.0222,1.5161,3.9119,15.9294,0.011,2629.813,150.3906,0.4741,,,,,,,,,,1.0,,,,,,,,,,,,,4,,,,,,2.0,3,,,,,,
,1,4013,17040,KRn2g,35.0762,2.3872,5.6268,25.1819,0.0264,1859.0807,171.5132,0.5375,,,,,,,,,1.0,,,,,,,,,,,,,,4,,,,,2.0,3.0,,,,,,,
,0,4013,17071,KRd7g,41.7877,2.3472,5.6426,29.6227,0.0232,2285.5617,129.5108,0.4345,,,,,,,,,1.0,,,,,,,,,,,,,,4,,,,,2.0,3.0,,,,,,,
,1,4014,90115320,Mn35A,43.0567,1.5235,3.9357,16.0018,0.009,3294.036,28.5294,0.1731,,,,,,,,,,1.0,,,,,,,,,,,,,,,,,4.0,,23.0,,,,,,,
,0,4014,13040,MOb75,48.2666,1.5015,3.8643,16.0013,0.0078,3490.0029,22.207,0.1585,,,,,,,,,,1.0,,,,,,,,,,,,,,,,,4.0,,23.0,,,,,,,
,0,4014,15030,pMo50,48.0491,1.5308,3.9594,15.9984,0.0108,3513.229,15.4993,0.1486,,,,,,,,,,12.0,,,,,,,,,,,,,,,,,,4.0,3.0,,,,,,,
,0,4014,15110,Mv81A,40.8157,1.5161,3.9119,15.9984,0.0105,4326.3134,22.2806,0.1651,,,,,,,,,,1.0,,,,,,,,,,,,,,,,,,,2.0,,,,,,34.0,
,0,4014,15160,Mo80A,52.294,1.5088,3.8881,15.9984,0.008,3796.7022,10.117,0.1309,,,,,,,,,,1.0,,,,,,,,,,,,,,,,,,4.0,23.0,,,,,,,
,0,4014,15330,Mn35Ap,41.6646,1.5235,3.9357,16.0018,0.0095,3160.1652,96.4506,0.2209,,,,,,,,,,1.0,,,,,,,,,5,,,,,,,,,4.0,23.0,,,,,,,
,0,4014,15350,eMn35A,49.8279,1.5235,3.9357,15.9984,0.0089,3702.5357,12.1247,0.1367,,,,,,,,,,1.0,,,,,,,,,,,,,,,,,,4.0,23.0,,,,,,,
,0,4014,15351,eMn35Av,40.5972,1.5235,3.9357,15.9984,0.0116,3362.8011,82.3631,0.1628,,,,,,,,,,1.0,,,,,,,,,,,,,,,,,,34.0,2.0,,,,,,,5.0
,0,4014,15510,gMn85C,51.2429,1.5161,3.9119,15.9984,0.0082,3797.0268,10.3306,0.1308,,,,,,,,,,12.0,,,,,,,,,,,,,,,,,,5.0,34.0,,,,,,,
,0,4014,15521,kMn63Cp,54.6782,1.5235,3.9357,17.6721,0.0127,3294.777,119.7289,0.2135,,,,,,,,,,1.0,,,,,,,,,6,45.0,,,,,,,,,2.0,3,,,,,,
,0,4014,90215320,Mn35A,43.0567,1.5235,3.9357,16.0018,0.009,3294.036,28.5294,0.1731,,,,,,,,,,12.0,,,,,,,,,,,,,,,,,5.0,,34.0,,,,,,,
,1,4015,16040,Rv01C,30.67,1.3511,3.5664,22.8205,0.0177,5265.4758,20.7458,0.1408,,,,,,,,,,,,12.0,,,,,,,,,,,,,,,,,,,34.0,,,,5.0,
,0,4015,15131,Mv41Cl,30.2841,1.4708,3.7759,23.5655,0.0234,5133.6181,23.5875,0.1534,,,,,,,,,,,1.0,2.0,,,,,,,,,,,,,,,,,,,3.0,,,,45.0,
,0,4015,15132,Mv41Cp,24.3441,1.6503,4.0902,23.5655,0.0334,4842.4343,45.0328,0.1634,,,,,,,,,,,12.0,,,,,,,,,6.0,,,,,,,,,,,3.0,,,,45.0,
,0,4015,15402,Mn86Cv,19.4917,1.7176,4.241,22.8178,0.0236,5666.9365,15.0183,0.1085,,,,,,,,,,,1.0,,,,,,,,,,,,,,,,,,,,2.0,,,,34.0,
,0,4015,15403,Mn86Cwp,18.3062,1.7176,4.241,22.8178,0.0274,4798.8512,61.1748,0.1495,,,,,,,,,,,1.0,,,,,,,,,4.0,,,,,,,,,,,2.0,,,,3.0,
,0,4015,16061,Rn66Av,27.6669,1.5161,3.9119,17.0076,0.0093,5132.2344,13.1624,0.1124,,,,,,,,,,12.0,,,,,,,,,,,,,,,,,,,3.0,,4.0,,,,5.0,
,0,4015,16130,Rn67C,33.2093,1.5161,3.9119,15.9984,0.0087,4761.4712,9.7987,0.1062,,,,,,,,,,12.0,,,,,,,,,,,,,,,,,,5.0,3.0,,4.0,,,,,
,0,4015,16190,Rn44C,17.5156,1.3585,3.5465,22.8202,0.0153,6104.0894,6.7603,0.0698,,,,,,,,,,,,12.0,,,,,,,,,,,,,,,,,,,34.0,,,,,
,0,4015,16200,Rn44Cv,23.2377,1.3585,3.5465,22.8178,0.016,5695.3151,13.835,0.1051,,,,,,,,,,,,12.0,,,,,,,,,,,,,,,,,,,3.0,,,,4.0,
,0,4015,16201,Rn44Cw,16.0077,1.3585,3.5465,24.023,0.018,5511.319,74.9987,0.0973,,,,,,,,,,,,12.0,,,,,,,,,,,,,,,,,,,35.0,,,,,4.0
,0,4015,90116060,Rn66A,26.578,1.5161,3.9119,15.9984,0.0086,5298.9539,7.0571,0.0867,,,,,,,,,,1.0,,,,,,,,,,,,,,,,,,,2.0,,34.0,,,,,
,0,4015,90216060,Rn66A,22.8985,1.5161,3.9119,17.0076,0.0091,5472.8797,7.2669,0.083,,,,,,,,,,12.0,,,,,,,,,,,,,,,,,,,3.0,,45.0,,,,,
,1,4016,90216090,Rn95A,51.9857,2.3472,5.6426,33.9694,0.0231,2947.293,31.9979,0.1962,,,,,,,,,12.0,,,,,,,,,,,,,,,,,,5.0,3.0,4.0,,,,,,,
,0,4016,15010,pMv51,65.0787,2.3872,5.6268,30.4698,0.0543,4124.8792,25.8213,0.1848,,,,,,,,,1.0,,,,,,,,,,,,,,,,,,,2.0,,3,,,,,4.0,
,0,4016,15101,eMv61C,46.6604,2.1705,5.3515,15.9984,0.0209,4038.8273,28.977,0.1921,,,,,,,,,1.0,,,,,,,,,,,,,,,,,,,,2.0,,,,,,34.0,
,0,4016,15120,Mv61C,46.5123,2.4273,5.611,25.1819,0.0281,3886.1292,27.8538,0.1902,,,,,,,,,1.0,,,,,,,,,,,,,,,,,,,2.0,3.0,,,,,,45.0,
,0,4016,15310,eMn25A,56.7002,2.3472,5.6426,25.1819,0.0221,3158.8521,21.2749,0.1749,,,,,,,,,1.0,,,,,,,,,,,,,,,,,,,24.0,3.0,,,,,,,
,0,4016,15390,Mn56C,77.7211,2.2591,5.6496,29.8643,0.0527,3612.998,20.0133,0.1713,,,,,,,,,12.0,,,,,,,,,,,,,,,,,,,4.0,,3,,,,,,
,0,4016,15450,gMn53C,77.6334,2.211,5.6407,29.8643,0.0472,3464.2925,33.9539,0.1991,,,,,,,,,1.0,,,,,,,,,,,,,,,,,,3.0,,,2,,,,,,
,0,4016,16020,pRn59,47.9128,2.3872,5.6268,15.9984,0.017,2756.6396,39.7372,0.213,,,,,,,,,12.0,,,,,,,,,,,,,,,,,,5.0,3.0,4.0,,,,,,,
,0,4016,17070,KRd7,58.3376,2.3472,5.6426,29.6227,0.0174,3585.5225,14.1623,0.1478,,,,,,,,,1.0,,,,,,,,,,,,,,,,,,,2.0,34.0,,,,,,,
,0,4016,90116090,Rn95A,51.9857,2.3472,5.6426,33.9694,0.0231,2947.293,31.9979,0.1962,,,,,,,,,1.0,,,,,,,,,,,,,,,,,,4.0,2.0,3.0,,,,,,,
,0,4016,90116220,Rn95C,57.7918,2.3472,5.6426,42.3206,0.0248,3443.299,16.5332,0.1568,,,,,,,,,1.0,,,,,,,,,,,,,,,,,,,2.0,3.0,,,,,,,
,0,4016,90216220,Rn95C,58.1557,2.3472,5.6426,33.9694,0.0195,3538.1146,14.9526,0.1508,,,,,,,,,12.0,,,,,,,,,,,,,,,,,,,3.0,4.0,,,,,,,
,1,4017,17020,KRn1g,25.9972,2.8941,5.4181,89.1464,0.1445,1379.1256,184.5016,0.5682,,,,,,,,1.0,,,,,,,,,,,,,,,4,,,,2.0,3.0,,,,,,,,
,0,4017,17061,KRd1g,25.2241,2.7424,5.3043,109.5041,0.216,1343.6872,158.6426,0.5025,,,,,,,,1.0,,,,,,,,,,,,,,,4,,,,23.0,,,,,,,,,
,1,4018,90115270,Mn25A,43.759,2.3472,5.6426,88.8369,0.1417,2159.5307,54.7248,0.2568,,,,,,,,,1.0,,,,,,,,,,,,,,,,,,3.0,2.0,,,,,,,,
,0,4018,13020,MOo05,38.1072,2.5473,5.5635,89.6623,0.0892,2164.3369,70.0161,0.2512,,,,,,,,,,,,,,,,,,,,3.0,,,,,,,2.0,1.0,,,,,,,,
,0,4018,15080,pMn55C,47.8318,2.3072,5.6584,68.6216,0.1225,2350.184,46.9855,0.2401,,,,,,,,,1.0,,,,,,,,,,,,,,,,,,3.0,2.0,,,,,,,,
,0,4018,15300,bMn25A,46.8262,2.3072,5.6584,85.6005,0.1467,2234.4626,51.5497,0.2506,,,,,,,,,12.0,,,,,,,,,,,,,,,,,,4.0,3.0,,,,,,,,
,0,4018,15311,eMn25Av,47.4291,2.3472,5.6426,68.6216,0.113,2598.3888,43.4087,0.2315,,,,,,,,,1.0,,,,,,,,,,,,,,,,,,3.0,2.0,,,,,,,4.0,
,0,4018,90115050,pMn55A,50.2119,2.3072,5.6584,69.9571,0.1213,2438.7125,43.3473,0.2324,,,,,,,,,1.0,,,,,,,,,,,,,,,,,,3.0,2.0,,,,,,,,
,0,4018,90116240,Rd90A,43.8835,2.3472,5.6426,61.6759,0.1032,2378.5014,91.1389,0.2252,,,,,,,,,1.0,,,,,,,,,,,4.0,,,,,,,,23.0,,,,,,,,
,0,4018,90215050,pMn55A,50.2119,2.3072,5.6584,69.9571,0.1213,2438.7125,43.3473,0.2324,,,,,,,,,12.0,,,,,,,,,,,,,,,,,,4.0,3.0,,,,,,,,
,0,4018,90215270,Mn25A,43.759,2.3472,5.6426,88.8369,0.1417,2159.5307,54.7248,0.2568,,,,,,,,,12.0,,,,,,,,,,,,,,,,,,4.0,3.0,,,,,,,,
,0,4018,90216240,Rd90A,43.8835,2.3472,5.6426,61.6759,0.1032,2378.5014,91.1389,0.2252,,,,,,,,,1.0,,,,,,,,,,,4.0,,,,,,,,23.0,,,,,,,,
,1,4019,90115240,Mn15A,23.064,2.7424,5.3043,148.8112,0.2241,1904.5453,97.8764,0.2647,,,,,,,,1.0,,,,,,,,,,,,,,,,,,3.0,2.0,,,,,,,,,
,0,4019,15260,bMn15A,27.0723,2.5908,5.1904,142.0374,0.1893,1974.0408,84.6381,0.2568,,,,,,,,12.0,,,,,,,,,,,,,,,,,,4.0,3.0,,,,,,,,,
,0,4019,15420,bMn15C,28.5699,2.5908,5.1904,138.8356,0.1861,1967.0894,80.0873,0.2584,,,,,,,,12.0,,,,,,,,,,,,,,,,,,4.0,3.0,,,,,,,,,
,0,4019,90115410,Mn15C,22.018,2.7424,5.3043,152.5164,0.2289,1566.8824,124.2221,0.3037,,,,,,,,1.0,,,,,,,,,,,,,4.0,,,,,3.0,2.0,,,,,,,,,
,0,4019,90115490,gMn15C,22.018,2.7424,5.3043,152.5164,0.2289,1566.8824,124.2221,0.3037,,,,,,,,1.0,,,,,,,,,,,,,4.0,,,,,3.0,2.0,,,,,,,,,
,0,4019,90116230,Rd10A,22.4077,2.7424,5.3043,145.2244,0.223,1687.2108,132.4921,0.2762,,,,,,,,1.0,,,,,,,,,,,,4.0,,,,,,3.0,2.0,,,,,,,,,
,0,4019,90116250,Rd10C,22.4077,2.7424,5.3043,145.2244,0.223,1687.2108,132.4921,0.2762,,,,,,,,1.0,,,,,,,,,,,,4.0,,,,,,3.0,2.0,,,,,,,,,
,0,4019,90215410,Mn15C,23.064,2.7424,5.3043,148.8112,0.2241,1904.5453,97.8764,0.2647,,,,,,,,12.0,,,,,,,,,,,,,,,,,,4.0,3.0,,,,,,,,,
,0,4019,90215490,gMn15C,22.018,2.7424,5.3043,152.5164,0.2289,1566.8824,124.2221,0.3037,,,,,,,,12.0,,,,,,,,,,,,,5.0,,,,,4.0,3.0,,,,,,,,,
,0,4019,90216230,Rd10A,19.4125,2.7424,5.3043,149.5538,0.2374,1701.1136,141.5936,0.2729,,,,,,,,1.0,,,,,,,,,,,,4.0,,,,,,3.0,2.0,,,,,,,,,
,0,4019,90216250,Rd10C,21.6898,2.7424,5.3043,140.6602,0.2257,1617.0831,145.5476,0.2795,,,,,,,,1.0,,,,,,,,,,,,4.0,,,,,,3.0,2.0,,,,,,,,,
,1,4020,90216260,Rd90C,40.7029,2.3472,5.6426,42.3206,0.0402,2402.8314,109.6852,0.2239,,,,,,,,,1.0,,,,,,,,,,,4.0,,,,,,,,2.0,3.0,,,,,,,
,0,4020,15280,Mn25Ap,45.3649,2.3472,5.6426,33.9694,0.0234,2582.3355,143.8124,0.2862,,,,,,,,,1.0,,,,,,,,,,4,,,,,,,,,2.0,3.0,,,,,,,
,0,4020,17030,KRn2,36.4711,2.3872,5.6268,25.1819,0.0236,2345.9423,129.3491,0.2272,,,,,,,,,1.0,,,,,,,,,,,4.0,,,,,,,,2.0,3.0,,,,,,,
,0,4020,90116260,Rd90C,40.7029,2.3472,5.6426,42.3206,0.0402,2402.8314,109.6852,0.2239,,,,,,,,,1.0,,,,,,,,,,,4.0,,,,,,,,2.0,3.0,,,,,,,
,1,4021,15540,kMn43C,95.7878,1.8629,4.7963,29.8687,0.0329,5047.9291,8.1727,0.1216,,,,,,,,,,,12.0,,,,,,,,,,,,,,,,,,,345,,,,,,
,0,4021,15041,pMo80l,91.95,1.8239,4.5941,29.8687,0.0329,5081.9193,8.2927,0.12,,,,,,,,,,,1.0,,,,,,,,,,,,,,,,,,,234,,,,,,
,0,4021,15401,Mn86Cl,91.95,1.8239,4.5941,29.8687,0.0329,5081.9193,8.2927,0.12,,,,,,,,,,,1.0,,,,,,,,,,,,,,,,,,,2_5,,,,,,
,0,4021,15470,gMn88C,83.4435,1.8629,4.7963,29.8643,0.0306,5204.8436,8.1176,0.1142,,,,,,,,,,,12.0,,,,,,,,,,,,,,,,,,,35,4.0,,,,,
,0,4021,15550,kMn48C,95.7878,1.8629,4.7963,29.8687,0.0329,5047.9291,8.1727,0.1216,,,,,,,,,,,12.0,,,,,,,,,,,,,,,,,,,345,,,,,,
,1,4022,90216050,Rn52A,18.0383,2.7424,5.3043,119.1066,0.2364,1413.6514,189.2649,0.2877,,,,,,,,1.0,,,,,,,,,,,,3.0,,,,,,,2.0,,,,,,,,,
,0,4022,13010,MOo02,18.1447,3.5006,5.8736,139.1274,0.2689,1449.9736,163.5208,0.2983,,,,,,,,,,,,,,,,,,,,3.0,,,,,,2.0,1.0,,,,,,,,,
,0,4022,15241,Mn15Ap,20.9361,2.7424,5.3043,142.5089,0.2312,1518.7338,196.0386,0.3597,,,,,,,,12.0,,,,,,,,,,,5,,,,,,,4.0,3.0,,,,,,,,,
,0,4022,16120,fRn62C,24.6999,2.705,5.7302,127.1003,0.2851,1487.6945,172.2029,0.2925,,,,,,,,,12.0,,,,,,,,,,,4.0,,,,,,,3.0,,,,,,,,,
,0,4022,90116050,Rn52A,18.0383,2.7424,5.3043,119.1066,0.2364,1413.6514,189.2649,0.2877,,,,,,,,1.0,,,,,,,,,,,,3.0,,,,,,,2.0,,,,,,,,,
,1,4023,90215240,Mn15A,31.9598,3.0457,5.532,87.0689,0.1446,2134.4671,74.6784,0.2499,,,,,,,,1.0,,,,,,,,,,,,,,,,,,5.0,23.0,4.0,,,,,,,,
,0,4023,9010,EK19,24.6436,2.5908,5.1904,124.7906,0.1608,3219.7732,94.0474,0.171,,,,,,,,12.0,,,,,,,,,,,,,,,,,3.0,,,,,,,,,,,
,0,4023,15140,Mo20A,27.674,3.1219,5.3423,135.1309,0.1431,1682.6561,90.5755,0.2894,,,,,,,1.0,,,,,,,,,,,,,4.0,,,,,,,23.0,,,,,,,,,
,0,4023,17010,KRn1,25.256,2.8941,5.4181,94.6582,0.1513,1735.9288,153.9815,0.2662,,,,,,,,1.0,,,,,,,,,,,,4.0,,,,,,,2.0,3.0,,,,,,,,
,1,4024,15200,Mn22A,32.7244,2.3472,5.6426,101.3222,0.1562,1551.2683,241.0824,0.4069,,,,,,,,,1.0,,,,,,,,,,4,,,,,,,,3.0,2.0,,,,,,,,
,0,4024,15190,Mn12Ap,25.6412,2.7424,5.3043,97.3135,0.1512,1442.1094,260.7614,0.4186,,,,,,,,1.0,,,,,,,,,,,4,,,,,,,,2.0,3.0,,,,,,,,
,0,4024,15210,Mn22Ap,31.621,2.3472,5.6426,102.6215,0.1589,1490.4421,259.7181,0.4219,,,,,,,,,1.0,,,,,,,,,,4,,,,,,,,3.0,2.0,,,,,,,,
,0,4024,15370,Mn52Cp,27.2534,2.8941,5.4181,89.0402,0.1436,1526.1987,241.454,0.4028,,,,,,,,12.0,,,,,,,,,,,56,,,,,,,,3.0,4.0,,,,,,,,
,0,4024,16110,Rn62C,31.5231,2.3872,5.6268,88.2492,0.1285,1545.3372,273.7897,0.4263,,,,,,,,,12.0,,,,,,,,,,4,,,,,,,,,3.0,,,,,,,,
,0,4024,16111,Rn62Cg,31.5231,2.3872,5.6268,88.2492,0.1285,1545.3372,273.7897,0.4263,,,,,,,,,12.0,,,,,,,,,,4,,,,,,,,,3.0,,,,,,,,
,0,4024,16140,Rn62Cp,31.5231,2.3872,5.6268,88.2492,0.1285,1545.3372,273.7897,0.4263,,,,,,,,,12.0,,,,,,,,,,45,,,,,,,,,3.0,,,,,,,,
,1,5001,22010,KX,3.342,2.1461,3.7471,200.3896,0.6088,1671.2147,304.226,0.2032,,,,,,1.0,,,,,,,,,,,,,,,,,,23.0,,,,,,,,,,,,
,1,5002,22020,KK,13.7695,1.7176,4.241,22.8216,0.0218,6075.7108,7.9436,0.0732,,,,,,,,,,,1.0,,,,,,,,,,,,,,,,,,,,23.0,,,,,
,1,5003,22011,KT,93.5452,2.4273,5.611,32.9399,0.0391,4214.6522,14.418,0.1516,,,,,,,,,1.0,,,,,,,,,,,,,,,,,,,2.0,,3,,,,,,
,1,5004,18020,Ln5,28.1978,3.2969,5.6815,159.6174,1.4725,1260.9523,359.6782,0.3538,,,,,,,,,,,,,1.0,,,,,,,3.0,,,,,,,,,,,,2.0,,,,
,0,5004,18010,pLn5,29.3057,3.2969,5.6815,175.5742,1.4485,1133.6725,346.8573,0.3829,,,,,,,,,,,,,1.0,,,,,,,,3.0,,,,,,,,,,,2.0,,,,
,0,5004,18021,Ln5g,28.6022,3.2969,5.6815,119.8105,1.5044,1066.3324,376.3255,0.5185,,,,,,,,,,,,,1.0,,,,,,,,,,4,,,,,,,,,23.0,,,,
,0,5004,18030,Ld5g,28.6022,3.2969,5.6815,119.8105,1.5044,1066.3324,376.3255,0.5185,,,,,,,,,,,,,1.0,,,,,,,,,,3,,,,,,,,,2.0,,,,
,0,5004,18031,Ld5,22.9101,3.2969,5.6815,156.6153,1.2503,988.1149,351.1555,0.3892,,,,,,,,,,,,,1.0,,,,,,,,3.0,,,,,,,,,,,2.0,,,,
,1,5005,5010,BLd5,39.4633,3.2,5.9552,148.6725,0.3891,1607.2247,272.807,0.3315,,,,,,,,,,,,,1.0,,,,,,,,,,,,,,,,,,,24.0,3,,,
,0,5005,5011,BLd5g,36.031,3.2,5.9552,136.9746,0.3973,1511.9992,284.7788,0.3799,,,,,,,,,,,,,1.0,,,,,,,,,,5,,,,,,,,,24.0,3,,,
,1,5006,9020,EL5,26.0498,3.3938,5.4077,315.9526,1.7055,1392.6227,527.0183,0.3457,,,,,,,,,,,,,12.0,,,,,,,,,,,,,,,,,,,3.0,,,,
,1,5007,18050,Ldh6,61.9672,2.2288,5.7266,93.3416,0.1215,2400.2912,38.8597,0.2117,,,,,,,,,,,,,,1.0,,,,,,,,,,,,,,,,,,,23,,,
,0,5007,5020,BLd6,61.9672,2.2288,5.7266,93.3409,0.1215,2400.2912,38.8597,0.2117,,,,,,,,,,,,,,1.0,,,,,,,,,,,,,,,,,,,2_5,,,
,0,5007,5030,BLb6,58.172,2.2548,5.6355,93.3409,0.1241,2393.6469,39.7556,0.2113,,,,,,,,,,,,,,1.0,,,,,,,,,,,,,,,,,,,234,,,
,0,5007,18040,Ld6,61.9672,2.2288,5.7266,93.3416,0.1215,2400.2912,38.8597,0.2117,,,,,,,,,,,,,,1.0,,,,,,,,,,,,,,,,,,,23,,,
,0,5007,18041,Ld6g,52.9416,2.2288,5.7266,104.4459,0.1299,1853.5969,115.7199,0.4026,,,,,,,,,,,,,,1.0,,,,,,,,,4,,,,,,,,,,23,,,
